,Strategy,Modelo,Tbdf,Precision,Recall,Accuracy,F1-score,Real_samples,Predicted_samples,Fp,Fn,Allucination Rate
0,auto_cot,deepseek-14b,bitter frustration,0.15994741454864153,0.741869918699187,0.741869918699187,0.2631578947368421,492.0,2282.0,1917.0,127.0,0.0
1,auto_cot,deepseek-14b,impatience,0.21428571428571427,0.03383458646616541,0.03383458646616541,0.05844155844155844,266.0,42.0,33.0,257.0,0.0
2,auto_cot,deepseek-14b,mocking,0.205607476635514,0.125,0.125,0.15547703180212014,176.0,107.0,85.0,154.0,0.0
3,auto_cot,deepseek-14b,irony,0.0,0.0,0.0,0.0,64.0,2.0,2.0,64.0,0.0
4,auto_cot,deepseek-14b,vulgarity,0.42857142857142855,0.04225352112676056,0.04225352112676056,0.07692307692307693,71.0,7.0,4.0,68.0,0.0
5,auto_cot,deepseek-14b,threat,0.6,0.5217391304347826,0.5217391304347826,0.5581395348837209,23.0,20.0,8.0,11.0,0.0
6,auto_cot,deepseek-14b,identify attack/name calling,0.0,0.0,0.0,0.0,28.0,1.0,1.0,28.0,0.0
7,auto_cot,deepseek-14b,none,0.8846153846153846,0.6685156423341468,0.6685156423341468,0.7615316567673449,4507.0,3406.0,393.0,1494.0,0.0
8,auto_cot,deepseek-14b,entitlement,0.0,0.0,0.0,0.0,70.0,4.0,4.0,70.0,0.0
9,auto_cot,deepseek-14b,insulting,0.0,0.0,0.0,0.0,174.0,0.0,0.0,174.0,0.0
10,auto_cot,deepseek-8b,bitter frustration,0.24043715846994534,0.35772357723577236,0.35772357723577236,0.2875816993464052,492.0,732.0,556.0,316.0,0.0
11,auto_cot,deepseek-8b,impatience,0.05143338954468803,0.6879699248120301,0.6879699248120301,0.09571129707112971,266.0,3558.0,3375.0,83.0,0.0
12,auto_cot,deepseek-8b,mocking,0.1879432624113475,0.30113636363636365,0.30113636363636365,0.2314410480349345,176.0,282.0,229.0,123.0,0.0
13,auto_cot,deepseek-8b,irony,0.01834862385321101,0.03125,0.03125,0.023121387283236993,64.0,109.0,107.0,62.0,0.0
14,auto_cot,deepseek-8b,vulgarity,0.3333333333333333,0.014084507042253521,0.014084507042253521,0.02702702702702703,71.0,3.0,2.0,70.0,0.0
15,auto_cot,deepseek-8b,threat,0.625,0.21739130434782608,0.21739130434782608,0.3225806451612903,23.0,8.0,3.0,18.0,0.0
16,auto_cot,deepseek-8b,identify attack/name calling,0.0,0.0,0.0,0.0,28.0,3.0,3.0,28.0,0.0
17,auto_cot,deepseek-8b,none,0.897172236503856,0.23230530286221435,0.23230530286221435,0.36905181529784986,4507.0,1167.0,120.0,3460.0,0.0
18,auto_cot,deepseek-8b,entitlement,0.0,0.0,0.0,0.0,70.0,3.0,3.0,70.0,0.0
19,auto_cot,deepseek-8b,insulting,0.16666666666666666,0.005747126436781609,0.005747126436781609,0.011111111111111112,174.0,6.0,5.0,173.0,0.0
20,auto_cot,gemma2_9b,bitter frustration,0.19592088998763907,0.6443089430894309,0.6443089430894309,0.3004739336492891,492.0,1618.0,1301.0,175.0,0.0
21,auto_cot,gemma2_9b,impatience,0.05031779661016949,0.35714285714285715,0.35714285714285715,0.0882079851439183,266.0,1888.0,1793.0,171.0,0.0
22,auto_cot,gemma2_9b,mocking,0.24352331606217617,0.26704545454545453,0.26704545454545453,0.25474254742547425,176.0,193.0,146.0,129.0,0.0
23,auto_cot,gemma2_9b,irony,0.031007751937984496,0.0625,0.0625,0.04145077720207254,64.0,129.0,125.0,60.0,0.0
24,auto_cot,gemma2_9b,vulgarity,0.3333333333333333,0.04225352112676056,0.04225352112676056,0.075,71.0,9.0,6.0,68.0,0.0
25,auto_cot,gemma2_9b,threat,0.3448275862068966,0.43478260869565216,0.43478260869565216,0.38461538461538464,23.0,29.0,19.0,13.0,0.0
26,auto_cot,gemma2_9b,identify attack/name calling,0.0967741935483871,0.21428571428571427,0.21428571428571427,0.13333333333333333,28.0,62.0,56.0,22.0,0.0
27,auto_cot,gemma2_9b,none,0.9429319371727749,0.3996006212558243,0.3996006212558243,0.561321489792738,4507.0,1910.0,109.0,2706.0,0.0
28,auto_cot,gemma2_9b,entitlement,0.13333333333333333,0.02857142857142857,0.02857142857142857,0.047058823529411764,70.0,15.0,13.0,68.0,0.0
29,auto_cot,gemma2_9b,insulting,0.3888888888888889,0.040229885057471264,0.040229885057471264,0.07291666666666667,174.0,18.0,11.0,167.0,0.0
30,auto_cot,gemma_7b,bitter frustration,0.16347469220246238,0.4847870182555781,0.4847870182555781,0.2445012787723785,493.0,1462.0,1223.0,254.0,0.0
31,auto_cot,gemma_7b,impatience,0.03556771545827633,0.19548872180451127,0.19548872180451127,0.06018518518518518,266.0,1462.0,1410.0,214.0,0.0
32,auto_cot,gemma_7b,mocking,0.07094594594594594,0.5965909090909091,0.5965909090909091,0.12681159420289856,176.0,1480.0,1375.0,71.0,0.0
33,auto_cot,gemma_7b,irony,0.010380622837370242,0.1875,0.1875,0.019672131147540985,64.0,1156.0,1144.0,52.0,0.0
34,auto_cot,gemma_7b,vulgarity,0.42857142857142855,0.1267605633802817,0.1267605633802817,0.1956521739130435,71.0,21.0,12.0,62.0,0.0
35,auto_cot,gemma_7b,threat,0.07857142857142857,0.4782608695652174,0.4782608695652174,0.13496932515337423,23.0,140.0,129.0,12.0,0.0
36,auto_cot,gemma_7b,identify attack/name calling,0.023809523809523808,0.07142857142857142,0.07142857142857142,0.03571428571428571,28.0,84.0,82.0,26.0,0.0
37,auto_cot,gemma_7b,none,1.0,0.0031076581576026637,0.0031076581576026637,0.006196061075459172,4505.0,14.0,0.0,4491.0,0.0
38,auto_cot,gemma_7b,entitlement,0.02631578947368421,0.014285714285714285,0.014285714285714285,0.018518518518518517,70.0,38.0,37.0,69.0,0.0
39,auto_cot,gemma_7b,insulting,0.0,0.0,0.0,0.0,174.0,1.0,1.0,174.0,0.0
40,auto_cot,gpt-4o-mini,bitter frustration,0.20185614849187936,0.5294117647058824,0.5294117647058824,0.29227323628219487,493.0,1293.0,1032.0,232.0,0.0
41,auto_cot,gpt-4o-mini,impatience,0.10787671232876712,0.47368421052631576,0.47368421052631576,0.17573221757322174,266.0,1168.0,1042.0,140.0,0.0
42,auto_cot,gpt-4o-mini,mocking,0.2242152466367713,0.2840909090909091,0.2840909090909091,0.2506265664160401,176.0,223.0,173.0,126.0,0.0
43,auto_cot,gpt-4o-mini,irony,0.041666666666666664,0.09523809523809523,0.09523809523809523,0.057971014492753624,63.0,144.0,138.0,57.0,0.0
44,auto_cot,gpt-4o-mini,vulgarity,0.5,0.2222222222222222,0.2222222222222222,0.3076923076923077,72.0,32.0,16.0,56.0,0.0
45,auto_cot,gpt-4o-mini,threat,0.6111111111111112,0.4782608695652174,0.4782608695652174,0.5365853658536586,23.0,18.0,7.0,12.0,0.0
46,auto_cot,gpt-4o-mini,identify attack/name calling,0.14814814814814814,0.13793103448275862,0.13793103448275862,0.14285714285714285,29.0,27.0,23.0,25.0,0.0
47,auto_cot,gpt-4o-mini,none,0.9447552447552447,0.599911190053286,0.599911190053286,0.7338403041825095,4504.0,2860.0,158.0,1802.0,0.0
48,auto_cot,gpt-4o-mini,entitlement,0.15,0.04285714285714286,0.04285714285714286,0.06666666666666667,70.0,20.0,17.0,67.0,0.0
49,auto_cot,gpt-4o-mini,insulting,0.44594594594594594,0.18857142857142858,0.18857142857142858,0.26506024096385544,175.0,74.0,41.0,142.0,0.0
50,auto_cot,llama3.1_8b,bitter frustration,0.13886255924170615,0.5955284552845529,0.5955284552845529,0.22521137586471945,492.0,2110.0,1817.0,199.0,0.0
51,auto_cot,llama3.1_8b,impatience,0.0655327663831916,0.4924812030075188,0.4924812030075188,0.11567328918322296,266.0,1999.0,1868.0,135.0,0.0
52,auto_cot,llama3.1_8b,mocking,0.3116883116883117,0.13636363636363635,0.13636363636363635,0.18972332015810275,176.0,77.0,53.0,152.0,0.0
53,auto_cot,llama3.1_8b,irony,0.12244897959183673,0.09375,0.09375,0.10619469026548672,64.0,49.0,43.0,58.0,0.0
54,auto_cot,llama3.1_8b,vulgarity,0.5,0.09859154929577464,0.09859154929577464,0.16470588235294117,71.0,14.0,7.0,64.0,0.0
55,auto_cot,llama3.1_8b,threat,0.2727272727272727,0.13043478260869565,0.13043478260869565,0.17647058823529413,23.0,11.0,8.0,20.0,0.0
56,auto_cot,llama3.1_8b,identify attack/name calling,0.13333333333333333,0.07142857142857142,0.07142857142857142,0.09302325581395349,28.0,15.0,13.0,26.0,0.0
57,auto_cot,llama3.1_8b,none,0.9403927068723703,0.2975371644109164,0.2975371644109164,0.4520478678577448,4507.0,1426.0,85.0,3166.0,0.0
58,auto_cot,llama3.1_8b,entitlement,0.03529411764705882,0.08571428571428572,0.08571428571428572,0.05,70.0,170.0,164.0,64.0,0.0
59,auto_cot,llama3.1_8b,insulting,0.0,0.0,0.0,0.0,174.0,0.0,0.0,174.0,0.0
60,auto_cot,llama3.2_3b,bitter frustration,0.15170278637770898,0.49796747967479676,0.49796747967479676,0.23255813953488372,492.0,1615.0,1370.0,247.0,0.0
61,auto_cot,llama3.2_3b,impatience,0.05062778452814905,0.4699248120300752,0.4699248120300752,0.09140767824497258,266.0,2469.0,2344.0,141.0,0.0
62,auto_cot,llama3.2_3b,mocking,0.14563106796116504,0.2556818181818182,0.2556818181818182,0.18556701030927836,176.0,309.0,264.0,131.0,0.0
63,auto_cot,llama3.2_3b,irony,0.019978969505783387,0.296875,0.296875,0.0374384236453202,64.0,951.0,932.0,45.0,0.0
64,auto_cot,llama3.2_3b,vulgarity,0.4,0.08450704225352113,0.08450704225352113,0.13953488372093023,71.0,15.0,9.0,65.0,0.0
65,auto_cot,llama3.2_3b,threat,0.2,0.043478260869565216,0.043478260869565216,0.07142857142857142,23.0,5.0,4.0,22.0,0.0
66,auto_cot,llama3.2_3b,identify attack/name calling,0.11764705882352941,0.07142857142857142,0.07142857142857142,0.08888888888888889,28.0,17.0,15.0,26.0,0.0
67,auto_cot,llama3.2_3b,none,0.9423868312757202,0.10161970268471267,0.10161970268471267,0.18345683957540557,4507.0,486.0,28.0,4049.0,0.0
68,auto_cot,llama3.2_3b,entitlement,0.75,0.04285714285714286,0.04285714285714286,0.08108108108108109,70.0,4.0,1.0,67.0,0.0
69,auto_cot,llama3.2_3b,insulting,0.0,0.0,0.0,0.0,174.0,0.0,0.0,174.0,0.0
70,auto_cot,mistral-nemo_12b,bitter frustration,0.13193885760257443,0.6666666666666666,0.6666666666666666,0.22028206850235058,492.0,2486.0,2158.0,164.0,0.0
71,auto_cot,mistral-nemo_12b,impatience,0.04773413897280967,0.29699248120300753,0.29699248120300753,0.08224882873503384,266.0,1655.0,1576.0,187.0,0.0
72,auto_cot,mistral-nemo_12b,mocking,0.19714285714285715,0.39204545454545453,0.39204545454545453,0.2623574144486692,176.0,350.0,281.0,107.0,0.0
73,auto_cot,mistral-nemo_12b,irony,0.024193548387096774,0.046875,0.046875,0.031914893617021274,64.0,124.0,121.0,61.0,0.0
74,auto_cot,mistral-nemo_12b,vulgarity,0.6111111111111112,0.15492957746478872,0.15492957746478872,0.24719101123595505,71.0,18.0,7.0,60.0,0.0
75,auto_cot,mistral-nemo_12b,threat,0.625,0.21739130434782608,0.21739130434782608,0.3225806451612903,23.0,8.0,3.0,18.0,0.0
76,auto_cot,mistral-nemo_12b,identify attack/name calling,0.1,0.03571428571428571,0.03571428571428571,0.05263157894736842,28.0,10.0,9.0,27.0,0.0
77,auto_cot,mistral-nemo_12b,none,0.9541918755401901,0.24495229642777902,0.24495229642777902,0.3898305084745763,4507.0,1157.0,53.0,3403.0,0.0
78,auto_cot,mistral-nemo_12b,entitlement,0.04838709677419355,0.04285714285714286,0.04285714285714286,0.045454545454545456,70.0,62.0,59.0,67.0,0.0
79,auto_cot,mistral-nemo_12b,insulting,1.0,0.005747126436781609,0.005747126436781609,0.011428571428571429,174.0,1.0,0.0,173.0,0.0
80,auto_cot,mistral_7b,bitter frustration,0.11480624638519375,0.806910569105691,0.806910569105691,0.2010126582278481,492.0,3458.0,3061.0,95.0,0.0
81,auto_cot,mistral_7b,impatience,0.034296913277805,0.2631578947368421,0.2631578947368421,0.06068487212830516,266.0,2041.0,1971.0,196.0,0.0
82,auto_cot,mistral_7b,mocking,0.2857142857142857,0.07954545454545454,0.07954545454545454,0.12444444444444444,176.0,49.0,35.0,162.0,0.0
83,auto_cot,mistral_7b,irony,0.041237113402061855,0.0625,0.0625,0.049689440993788817,64.0,97.0,93.0,60.0,0.0
84,auto_cot,mistral_7b,vulgarity,0.0,0.0,0.0,0.0,71.0,1.0,1.0,71.0,0.0
85,auto_cot,mistral_7b,threat,0.0,0.0,0.0,0.0,23.0,0.0,0.0,23.0,0.0
86,auto_cot,mistral_7b,identify attack/name calling,0.06451612903225806,0.07142857142857142,0.07142857142857142,0.06779661016949153,28.0,31.0,29.0,26.0,0.0
87,auto_cot,mistral_7b,none,0.912568306010929,0.03705347237630353,0.03705347237630353,0.07121535181236674,4507.0,183.0,16.0,4340.0,0.0
88,auto_cot,mistral_7b,entitlement,0.09090909090909091,0.014285714285714285,0.014285714285714285,0.024691358024691357,70.0,11.0,10.0,69.0,0.0
89,auto_cot,mistral_7b,insulting,0.0,0.0,0.0,0.0,174.0,0.0,0.0,174.0,0.0
90,auto_cot,phi4_14b,bitter frustration,0.2589595375722543,0.45528455284552843,0.45528455284552843,0.3301400147383935,492.0,865.0,641.0,268.0,0.0
91,auto_cot,phi4_14b,impatience,0.13624678663239073,0.39849624060150374,0.39849624060150374,0.20306513409961685,266.0,778.0,672.0,160.0,0.0
92,auto_cot,phi4_14b,mocking,0.211864406779661,0.2840909090909091,0.2840909090909091,0.24271844660194175,176.0,236.0,186.0,126.0,0.0
93,auto_cot,phi4_14b,irony,0.08092485549132948,0.21875,0.21875,0.11814345991561181,64.0,173.0,159.0,50.0,0.0
94,auto_cot,phi4_14b,vulgarity,0.6296296296296297,0.23943661971830985,0.23943661971830985,0.3469387755102041,71.0,27.0,10.0,54.0,0.0
95,auto_cot,phi4_14b,threat,0.5833333333333334,0.30434782608695654,0.30434782608695654,0.4,23.0,12.0,5.0,16.0,0.0
96,auto_cot,phi4_14b,identify attack/name calling,0.1,0.14285714285714285,0.14285714285714285,0.11764705882352941,28.0,40.0,36.0,24.0,0.0
97,auto_cot,phi4_14b,none,0.9187231759656652,0.7599289993343687,0.7599289993343687,0.8318154219793564,4507.0,3728.0,303.0,1082.0,0.0
98,auto_cot,phi4_14b,entitlement,0.0,0.0,0.0,0.0,70.0,10.0,10.0,70.0,0.0
99,auto_cot,phi4_14b,insulting,1.0,0.011494252873563218,0.011494252873563218,0.022727272727272728,174.0,2.0,0.0,172.0,0.0
100,few_shot_3,deepseek-14b,bitter frustration,0.0,0.0,0.0,0.0,492.0,8.0,8.0,492.0,0.0
101,few_shot_3,deepseek-14b,impatience,0.0,0.0,0.0,0.0,266.0,0.0,0.0,266.0,0.0
102,few_shot_3,deepseek-14b,mocking,0.0,0.0,0.0,0.0,176.0,13.0,13.0,176.0,0.0
103,few_shot_3,deepseek-14b,irony,0.0,0.0,0.0,0.0,64.0,10.0,10.0,64.0,0.0
104,few_shot_3,deepseek-14b,vulgarity,0.0,0.0,0.0,0.0,71.0,4.0,4.0,71.0,0.0
105,few_shot_3,deepseek-14b,threat,0.0,0.0,0.0,0.0,23.0,1.0,1.0,23.0,0.0
106,few_shot_3,deepseek-14b,identify attack/name calling,0.0,0.0,0.0,0.0,28.0,8.0,8.0,28.0,0.0
107,few_shot_3,deepseek-14b,none,0.8480170980764664,0.7923230530286222,0.7923230530286222,0.8192245927965129,4507.0,4211.0,640.0,936.0,0.0
108,few_shot_3,deepseek-14b,entitlement,0.0,0.0,0.0,0.0,70.0,0.0,0.0,70.0,0.0
109,few_shot_3,deepseek-14b,insulting,0.0686881188118812,0.6379310344827587,0.6379310344827587,0.12402234636871508,174.0,1616.0,1505.0,63.0,0.0
110,few_shot_3,deepseek-8b,bitter frustration,0.0,0.0,0.0,0.0,492.0,13.0,13.0,492.0,0.0
111,few_shot_3,deepseek-8b,impatience,0.0,0.0,0.0,0.0,266.0,6.0,6.0,266.0,0.0
112,few_shot_3,deepseek-8b,mocking,0.0,0.0,0.0,0.0,176.0,2.0,2.0,176.0,0.0
113,few_shot_3,deepseek-8b,irony,0.0,0.0,0.0,0.0,64.0,1.0,1.0,64.0,0.0
114,few_shot_3,deepseek-8b,vulgarity,0.0,0.0,0.0,0.0,71.0,4.0,4.0,71.0,0.0
115,few_shot_3,deepseek-8b,threat,0.0,0.0,0.0,0.0,23.0,6.0,6.0,23.0,0.0
116,few_shot_3,deepseek-8b,identify attack/name calling,0.0,0.0,0.0,0.0,28.0,40.0,40.0,28.0,0.0
117,few_shot_3,deepseek-8b,none,0.855732555530626,0.8462391834923453,0.8462391834923453,0.8509593931280678,4507.0,4457.0,643.0,693.0,0.0
118,few_shot_3,deepseek-8b,entitlement,0.09090909090909091,0.014285714285714285,0.014285714285714285,0.024691358024691357,70.0,11.0,10.0,69.0,0.0
119,few_shot_3,deepseek-8b,insulting,0.08940646130728776,0.6839080459770115,0.6839080459770115,0.15813953488372093,174.0,1331.0,1212.0,55.0,0.0
120,few_shot_3,gemma2_9b,bitter frustration,0.0,0.0,0.0,0.0,492.0,3.0,3.0,492.0,0.0
121,few_shot_3,gemma2_9b,impatience,0.0,0.0,0.0,0.0,266.0,2.0,2.0,266.0,0.0
122,few_shot_3,gemma2_9b,mocking,0.0,0.0,0.0,0.0,176.0,1.0,1.0,176.0,0.0
123,few_shot_3,gemma2_9b,irony,0.022222222222222223,0.015625,0.015625,0.01834862385321101,64.0,45.0,44.0,63.0,0.0
124,few_shot_3,gemma2_9b,vulgarity,0.0,0.0,0.0,0.0,71.0,6.0,6.0,71.0,0.0
125,few_shot_3,gemma2_9b,threat,0.0,0.0,0.0,0.0,23.0,4.0,4.0,23.0,0.0
126,few_shot_3,gemma2_9b,identify attack/name calling,0.0,0.0,0.0,0.0,28.0,2.0,2.0,28.0,0.0
127,few_shot_3,gemma2_9b,none,0.9025413274117937,0.8116263589971155,0.8116263589971155,0.8546728971962617,4507.0,4053.0,395.0,849.0,0.0
128,few_shot_3,gemma2_9b,entitlement,0.04950495049504951,0.07142857142857142,0.07142857142857142,0.05847953216374269,70.0,101.0,96.0,65.0,0.0
129,few_shot_3,gemma2_9b,insulting,0.08887545344619105,0.8448275862068966,0.8448275862068966,0.16083150984682712,174.0,1654.0,1507.0,27.0,0.0
130,few_shot_3,gemma_7b,bitter frustration,0.0,0.0,0.0,0.0,492.0,4.0,4.0,492.0,0.0
131,few_shot_3,gemma_7b,impatience,0.07782101167315175,0.07518796992481203,0.07518796992481203,0.07648183556405354,266.0,257.0,237.0,246.0,0.0
132,few_shot_3,gemma_7b,mocking,0.0,0.0,0.0,0.0,176.0,28.0,28.0,176.0,0.0
133,few_shot_3,gemma_7b,irony,0.030303030303030304,0.015625,0.015625,0.020618556701030927,64.0,33.0,32.0,63.0,0.0
134,few_shot_3,gemma_7b,vulgarity,0.0,0.0,0.0,0.0,71.0,381.0,381.0,71.0,0.0
135,few_shot_3,gemma_7b,threat,0.07913669064748201,0.4782608695652174,0.4782608695652174,0.13580246913580246,23.0,139.0,128.0,12.0,0.0
136,few_shot_3,gemma_7b,identify attack/name calling,0.002861230329041488,0.07142857142857142,0.07142857142857142,0.005502063273727648,28.0,699.0,697.0,26.0,0.0
137,few_shot_3,gemma_7b,none,0.865990990990991,0.17062347459507432,0.17062347459507432,0.2850787766450417,4507.0,888.0,119.0,3738.0,0.0
138,few_shot_3,gemma_7b,entitlement,0.00477326968973747,0.02857142857142857,0.02857142857142857,0.0081799591002045,70.0,419.0,417.0,68.0,0.0
139,few_shot_3,gemma_7b,insulting,0.04201124710552431,0.7298850574712644,0.7298850574712644,0.07944948389114795,174.0,3023.0,2896.0,47.0,0.0
140,few_shot_3,gpt-4o-mini,bitter frustration,0.30390492359932086,0.3638211382113821,0.3638211382113821,0.33117483811285847,492.0,589.0,410.0,313.0,0.0
141,few_shot_3,gpt-4o-mini,impatience,0.19247787610619468,0.32706766917293234,0.32706766917293234,0.24233983286908078,266.0,452.0,365.0,179.0,0.0
142,few_shot_3,gpt-4o-mini,mocking,0.2871287128712871,0.32954545454545453,0.32954545454545453,0.30687830687830686,176.0,202.0,144.0,118.0,0.0
143,few_shot_3,gpt-4o-mini,irony,0.0916030534351145,0.1875,0.1875,0.12307692307692308,64.0,131.0,119.0,52.0,0.0
144,few_shot_3,gpt-4o-mini,vulgarity,0.5272727272727272,0.4084507042253521,0.4084507042253521,0.4603174603174603,71.0,55.0,26.0,42.0,0.0
145,few_shot_3,gpt-4o-mini,threat,0.375,0.6521739130434783,0.6521739130434783,0.47619047619047616,23.0,40.0,25.0,8.0,0.0
146,few_shot_3,gpt-4o-mini,identify attack/name calling,0.13725490196078433,0.25,0.25,0.17721518987341772,28.0,51.0,44.0,21.0,0.0
147,few_shot_3,gpt-4o-mini,none,0.9211700545364403,0.8244952296427779,0.8244952296427779,0.870155719470788,4507.0,4034.0,318.0,791.0,0.0
148,few_shot_3,gpt-4o-mini,entitlement,0.10077519379844961,0.18571428571428572,0.18571428571428572,0.1306532663316583,70.0,129.0,116.0,57.0,0.0
149,few_shot_3,gpt-4o-mini,insulting,0.26063829787234044,0.28160919540229884,0.28160919540229884,0.27071823204419887,174.0,188.0,139.0,125.0,0.0
150,few_shot_3,llama3.1_8b,bitter frustration,0.0,0.0,0.0,0.0,492.0,13.0,13.0,492.0,0.0
151,few_shot_3,llama3.1_8b,impatience,0.0,0.0,0.0,0.0,266.0,5.0,5.0,266.0,0.0
152,few_shot_3,llama3.1_8b,mocking,0.0,0.0,0.0,0.0,176.0,2.0,2.0,176.0,0.0
153,few_shot_3,llama3.1_8b,irony,0.0,0.0,0.0,0.0,64.0,0.0,0.0,64.0,0.0
154,few_shot_3,llama3.1_8b,vulgarity,0.0,0.0,0.0,0.0,71.0,6.0,6.0,71.0,0.0
155,few_shot_3,llama3.1_8b,threat,0.16666666666666666,0.08695652173913043,0.08695652173913043,0.11428571428571428,23.0,12.0,10.0,21.0,0.0
156,few_shot_3,llama3.1_8b,identify attack/name calling,0.0,0.0,0.0,0.0,28.0,42.0,42.0,28.0,0.0
157,few_shot_3,llama3.1_8b,none,0.920048212133387,0.5080985134235634,0.5080985134235634,0.6546598056032018,4507.0,2489.0,199.0,2217.0,0.0
158,few_shot_3,llama3.1_8b,entitlement,0.03125,0.08571428571428572,0.08571428571428572,0.04580152671755725,70.0,192.0,186.0,64.0,0.0
159,few_shot_3,llama3.1_8b,insulting,0.05305466237942122,0.9482758620689655,0.9482758620689655,0.10048721071863581,174.0,3110.0,2945.0,9.0,0.0
160,few_shot_3,llama3.2_3b,bitter frustration,0.0,0.0,0.0,0.0,492.0,10.0,10.0,492.0,0.0
161,few_shot_3,llama3.2_3b,impatience,0.0,0.0,0.0,0.0,266.0,13.0,13.0,266.0,0.0
162,few_shot_3,llama3.2_3b,mocking,0.0,0.0,0.0,0.0,176.0,4.0,4.0,176.0,0.0
163,few_shot_3,llama3.2_3b,irony,0.0,0.0,0.0,0.0,64.0,0.0,0.0,64.0,0.0
164,few_shot_3,llama3.2_3b,vulgarity,0.0,0.0,0.0,0.0,71.0,7.0,7.0,71.0,0.0
165,few_shot_3,llama3.2_3b,threat,0.15384615384615385,0.08695652173913043,0.08695652173913043,0.1111111111111111,23.0,13.0,11.0,21.0,0.0
166,few_shot_3,llama3.2_3b,identify attack/name calling,0.0,0.0,0.0,0.0,28.0,14.0,14.0,28.0,0.0
167,few_shot_3,llama3.2_3b,none,0.9152704643370033,0.42422897714666075,0.42422897714666075,0.5797453001819285,4507.0,2089.0,177.0,2595.0,0.0
168,few_shot_3,llama3.2_3b,entitlement,0.16666666666666666,0.02857142857142857,0.02857142857142857,0.04878048780487805,70.0,12.0,10.0,68.0,0.0
169,few_shot_3,llama3.2_3b,insulting,0.045025613372876784,0.9597701149425287,0.9597701149425287,0.08601596703579706,174.0,3709.0,3542.0,7.0,0.0
170,few_shot_3,mistral-nemo_12b,bitter frustration,0.08333333333333333,0.0020325203252032522,0.0020325203252032522,0.003968253968253968,492.0,12.0,11.0,491.0,0.0
171,few_shot_3,mistral-nemo_12b,impatience,0.0,0.0,0.0,0.0,266.0,15.0,15.0,266.0,0.0
172,few_shot_3,mistral-nemo_12b,mocking,0.0,0.0,0.0,0.0,176.0,7.0,7.0,176.0,0.0
173,few_shot_3,mistral-nemo_12b,irony,0.0,0.0,0.0,0.0,64.0,2.0,2.0,64.0,0.0
174,few_shot_3,mistral-nemo_12b,vulgarity,0.0,0.0,0.0,0.0,71.0,3.0,3.0,71.0,0.0
175,few_shot_3,mistral-nemo_12b,threat,0.05555555555555555,0.043478260869565216,0.043478260869565216,0.04878048780487805,23.0,18.0,17.0,22.0,0.0
176,few_shot_3,mistral-nemo_12b,identify attack/name calling,0.0,0.0,0.0,0.0,28.0,6.0,6.0,28.0,0.0
177,few_shot_3,mistral-nemo_12b,none,0.8922071861875875,0.8484579542933215,0.8484579542933215,0.8697827817582168,4507.0,4286.0,462.0,683.0,0.0
178,few_shot_3,mistral-nemo_12b,entitlement,0.02512562814070352,0.07142857142857142,0.07142857142857142,0.03717472118959108,70.0,199.0,194.0,65.0,0.0
179,few_shot_3,mistral-nemo_12b,insulting,0.1073318216175359,0.8160919540229885,0.8160919540229885,0.18971275885103542,174.0,1323.0,1181.0,32.0,0.0
180,few_shot_3,mistral_7b,bitter frustration,0.08108108108108109,0.018292682926829267,0.018292682926829267,0.029850746268656716,492.0,111.0,102.0,483.0,0.0
181,few_shot_3,mistral_7b,impatience,0.0,0.0,0.0,0.0,266.0,5.0,5.0,266.0,0.0
182,few_shot_3,mistral_7b,mocking,0.0,0.0,0.0,0.0,176.0,11.0,11.0,176.0,0.0
183,few_shot_3,mistral_7b,irony,0.0,0.0,0.0,0.0,64.0,1.0,1.0,64.0,0.0
184,few_shot_3,mistral_7b,vulgarity,0.0,0.0,0.0,0.0,71.0,17.0,17.0,71.0,0.0
185,few_shot_3,mistral_7b,threat,0.058823529411764705,0.21739130434782608,0.21739130434782608,0.09259259259259259,23.0,85.0,80.0,18.0,0.0
186,few_shot_3,mistral_7b,identify attack/name calling,0.0,0.0,0.0,0.0,28.0,36.0,36.0,28.0,0.0
187,few_shot_3,mistral_7b,none,0.8785024154589371,0.8069669403150654,0.8069669403150654,0.8412166069156933,4507.0,4140.0,503.0,870.0,0.0
188,few_shot_3,mistral_7b,entitlement,0.023255813953488372,0.02857142857142857,0.02857142857142857,0.02564102564102564,70.0,86.0,84.0,68.0,0.0
189,few_shot_3,mistral_7b,insulting,0.09717186366932559,0.7701149425287356,0.7701149425287356,0.1725692208628461,174.0,1379.0,1245.0,40.0,0.0
190,few_shot_3,phi4_14b,bitter frustration,0.16666666666666666,0.0040650406504065045,0.0040650406504065045,0.007936507936507936,492.0,12.0,10.0,490.0,0.0
191,few_shot_3,phi4_14b,impatience,0.0,0.0,0.0,0.0,266.0,1.0,1.0,266.0,0.0
192,few_shot_3,phi4_14b,mocking,0.0,0.0,0.0,0.0,176.0,4.0,4.0,176.0,0.0
193,few_shot_3,phi4_14b,irony,0.0,0.0,0.0,0.0,64.0,13.0,13.0,64.0,0.0
194,few_shot_3,phi4_14b,vulgarity,0.0,0.0,0.0,0.0,71.0,3.0,3.0,71.0,0.0
195,few_shot_3,phi4_14b,threat,0.2,0.17391304347826086,0.17391304347826086,0.18604651162790697,23.0,20.0,16.0,19.0,0.0
196,few_shot_3,phi4_14b,identify attack/name calling,0.0,0.0,0.0,0.0,28.0,2.0,2.0,28.0,0.0
197,few_shot_3,phi4_14b,none,0.9000484027105518,0.8251608608830707,0.8251608608830707,0.8609792800092604,4507.0,4132.0,413.0,788.0,0.0
198,few_shot_3,phi4_14b,entitlement,0.02459016393442623,0.04285714285714286,0.04285714285714286,0.03125,70.0,122.0,119.0,67.0,0.0
199,few_shot_3,phi4_14b,insulting,0.09282970550576185,0.8333333333333334,0.8333333333333334,0.16705069124423963,174.0,1562.0,1417.0,29.0,0.0
200,one_shot,deepseek-14b,bitter frustration,0.28160919540229884,0.1991869918699187,0.1991869918699187,0.23333333333333334,492.0,348.0,250.0,394.0,0.0
201,one_shot,deepseek-14b,impatience,0.17525773195876287,0.38345864661654133,0.38345864661654133,0.24056603773584906,266.0,582.0,480.0,164.0,0.0
202,one_shot,deepseek-14b,mocking,0.16363636363636364,0.35795454545454547,0.35795454545454547,0.22459893048128343,176.0,385.0,322.0,113.0,0.0
203,one_shot,deepseek-14b,irony,0.058823529411764705,0.015625,0.015625,0.024691358024691357,64.0,17.0,16.0,63.0,0.0
204,one_shot,deepseek-14b,vulgarity,0.2465753424657534,0.2535211267605634,0.2535211267605634,0.25,71.0,73.0,55.0,53.0,0.0
205,one_shot,deepseek-14b,threat,0.2459016393442623,0.6521739130434783,0.6521739130434783,0.35714285714285715,23.0,61.0,46.0,8.0,0.0
206,one_shot,deepseek-14b,identify attack/name calling,0.14285714285714285,0.14285714285714285,0.14285714285714285,0.14285714285714285,28.0,28.0,24.0,24.0,0.0
207,one_shot,deepseek-14b,none,0.8721174004192872,0.8307077878855115,0.8307077878855115,0.850909090909091,4507.0,4293.0,549.0,763.0,0.0
208,one_shot,deepseek-14b,entitlement,0.05263157894736842,0.02857142857142857,0.02857142857142857,0.037037037037037035,70.0,38.0,36.0,68.0,0.0
209,one_shot,deepseek-14b,insulting,0.30434782608695654,0.08045977011494253,0.08045977011494253,0.12727272727272726,174.0,46.0,32.0,160.0,0.0
210,one_shot,deepseek-8b,bitter frustration,0.24175824175824176,0.13414634146341464,0.13414634146341464,0.17254901960784313,492.0,273.0,207.0,426.0,0.0
211,one_shot,deepseek-8b,impatience,0.19607843137254902,0.11278195488721804,0.11278195488721804,0.1431980906921241,266.0,153.0,123.0,236.0,0.0
212,one_shot,deepseek-8b,mocking,0.15315315315315314,0.19318181818181818,0.19318181818181818,0.1708542713567839,176.0,222.0,188.0,142.0,0.0
213,one_shot,deepseek-8b,irony,0.07692307692307693,0.125,0.125,0.09523809523809523,64.0,104.0,96.0,56.0,0.0
214,one_shot,deepseek-8b,vulgarity,0.19402985074626866,0.36619718309859156,0.36619718309859156,0.25365853658536586,71.0,134.0,108.0,45.0,0.0
215,one_shot,deepseek-8b,threat,0.16666666666666666,0.4782608695652174,0.4782608695652174,0.24719101123595505,23.0,66.0,55.0,12.0,0.0
216,one_shot,deepseek-8b,identify attack/name calling,0.06504065040650407,0.2857142857142857,0.2857142857142857,0.10596026490066225,28.0,123.0,115.0,20.0,0.0
217,one_shot,deepseek-8b,none,0.8577807546327305,0.8524517417350788,0.8524517417350788,0.8551079456933007,4507.0,4479.0,637.0,665.0,0.0
218,one_shot,deepseek-8b,entitlement,0.05803571428571429,0.18571428571428572,0.18571428571428572,0.08843537414965986,70.0,224.0,211.0,57.0,0.0
219,one_shot,deepseek-8b,insulting,0.1827956989247312,0.09770114942528736,0.09770114942528736,0.12734082397003746,174.0,93.0,76.0,157.0,0.0
220,one_shot,gemma2_9b,bitter frustration,0.2750455373406193,0.30691056910569103,0.30691056910569103,0.29010566762728146,492.0,549.0,398.0,341.0,0.0
221,one_shot,gemma2_9b,impatience,0.10074626865671642,0.40601503759398494,0.40601503759398494,0.16143497757847533,266.0,1072.0,964.0,158.0,0.0
222,one_shot,gemma2_9b,mocking,0.15625,0.3693181818181818,0.3693181818181818,0.2195945945945946,176.0,416.0,351.0,111.0,0.0
223,one_shot,gemma2_9b,irony,0.034482758620689655,0.09375,0.09375,0.05042016806722689,64.0,174.0,168.0,58.0,0.0
224,one_shot,gemma2_9b,vulgarity,0.22580645161290322,0.19718309859154928,0.19718309859154928,0.21052631578947367,71.0,62.0,48.0,57.0,0.0
225,one_shot,gemma2_9b,threat,0.22727272727272727,0.6521739130434783,0.6521739130434783,0.33707865168539325,23.0,66.0,51.0,8.0,0.0
226,one_shot,gemma2_9b,identify attack/name calling,0.08888888888888889,0.14285714285714285,0.14285714285714285,0.1095890410958904,28.0,45.0,41.0,24.0,0.0
227,one_shot,gemma2_9b,none,0.9218054672600127,0.6434435322831151,0.6434435322831151,0.7578727296485038,4507.0,3146.0,246.0,1607.0,0.0
228,one_shot,gemma2_9b,entitlement,0.04672897196261682,0.14285714285714285,0.14285714285714285,0.07042253521126761,70.0,214.0,204.0,60.0,0.0
229,one_shot,gemma2_9b,insulting,0.1889763779527559,0.13793103448275862,0.13793103448275862,0.15946843853820597,174.0,127.0,103.0,150.0,0.0
230,one_shot,gemma_7b,bitter frustration,0.25,0.052845528455284556,0.052845528455284556,0.087248322147651,492.0,104.0,78.0,466.0,0.0
231,one_shot,gemma_7b,impatience,0.055508474576271186,0.4924812030075188,0.4924812030075188,0.09977151561309977,266.0,2360.0,2229.0,135.0,0.0
232,one_shot,gemma_7b,mocking,0.10714285714285714,0.35795454545454547,0.35795454545454547,0.1649214659685864,176.0,588.0,525.0,113.0,0.0
233,one_shot,gemma_7b,irony,0.01735357917570499,0.125,0.125,0.030476190476190476,64.0,461.0,453.0,56.0,0.0
234,one_shot,gemma_7b,vulgarity,0.08955223880597014,0.16901408450704225,0.16901408450704225,0.11707317073170732,71.0,134.0,122.0,59.0,0.0
235,one_shot,gemma_7b,threat,0.07894736842105263,0.5217391304347826,0.5217391304347826,0.13714285714285715,23.0,152.0,140.0,11.0,0.0
236,one_shot,gemma_7b,identify attack/name calling,0.006925207756232687,0.17857142857142858,0.17857142857142858,0.013333333333333334,28.0,722.0,717.0,23.0,0.0
237,one_shot,gemma_7b,none,0.8717948717948718,0.21877080097625914,0.21877080097625914,0.3497694217807733,4507.0,1131.0,145.0,3521.0,0.0
238,one_shot,gemma_7b,entitlement,0.013793103448275862,0.02857142857142857,0.02857142857142857,0.018604651162790697,70.0,145.0,143.0,68.0,0.0
239,one_shot,gemma_7b,insulting,0.20270270270270271,0.08620689655172414,0.08620689655172414,0.12096774193548387,174.0,74.0,59.0,159.0,0.0
240,one_shot,gpt-4o-mini,bitter frustration,0.2524875621890547,0.41260162601626016,0.41260162601626016,0.3132716049382716,492.0,804.0,601.0,289.0,0.0
241,one_shot,gpt-4o-mini,impatience,0.18127490039840638,0.34210526315789475,0.34210526315789475,0.23697916666666666,266.0,502.0,411.0,175.0,0.0
242,one_shot,gpt-4o-mini,mocking,0.24882629107981222,0.30113636363636365,0.30113636363636365,0.27249357326478146,176.0,213.0,160.0,123.0,0.0
243,one_shot,gpt-4o-mini,irony,0.07692307692307693,0.15625,0.15625,0.10309278350515463,64.0,130.0,120.0,54.0,0.0
244,one_shot,gpt-4o-mini,vulgarity,0.5106382978723404,0.3380281690140845,0.3380281690140845,0.4067796610169492,71.0,47.0,23.0,47.0,0.0
245,one_shot,gpt-4o-mini,threat,0.4444444444444444,0.5217391304347826,0.5217391304347826,0.48,23.0,27.0,15.0,11.0,0.0
246,one_shot,gpt-4o-mini,identify attack/name calling,0.21052631578947367,0.14285714285714285,0.14285714285714285,0.1702127659574468,28.0,19.0,15.0,24.0,0.0
247,one_shot,gpt-4o-mini,none,0.9287200832466181,0.7921011759485245,0.7921011759485245,0.8549874266554903,4507.0,3844.0,274.0,937.0,0.0
248,one_shot,gpt-4o-mini,entitlement,0.12121212121212122,0.17142857142857143,0.17142857142857143,0.14201183431952663,70.0,99.0,87.0,58.0,0.0
249,one_shot,gpt-4o-mini,insulting,0.27956989247311825,0.2988505747126437,0.2988505747126437,0.28888888888888886,174.0,186.0,134.0,122.0,0.0
250,one_shot,llama3.1_8b,bitter frustration,0.25688073394495414,0.17073170731707318,0.17073170731707318,0.20512820512820512,492.0,327.0,243.0,408.0,0.0
251,one_shot,llama3.1_8b,impatience,0.21333333333333335,0.18045112781954886,0.18045112781954886,0.1955193482688391,266.0,225.0,177.0,218.0,0.0
252,one_shot,llama3.1_8b,mocking,0.12240184757505773,0.30113636363636365,0.30113636363636365,0.17405582922824303,176.0,433.0,380.0,123.0,0.0
253,one_shot,llama3.1_8b,irony,0.0759493670886076,0.1875,0.1875,0.10810810810810811,64.0,158.0,146.0,52.0,0.0
254,one_shot,llama3.1_8b,vulgarity,0.13768115942028986,0.5352112676056338,0.5352112676056338,0.21902017291066284,71.0,276.0,238.0,33.0,0.0
255,one_shot,llama3.1_8b,threat,0.21818181818181817,0.5217391304347826,0.5217391304347826,0.3076923076923077,23.0,55.0,43.0,11.0,0.0
256,one_shot,llama3.1_8b,identify attack/name calling,0.037383177570093455,0.2857142857142857,0.2857142857142857,0.06611570247933884,28.0,214.0,206.0,20.0,0.0
257,one_shot,llama3.1_8b,none,0.9195938529088913,0.7435100954071444,0.7435100954071444,0.8222304011777696,4507.0,3644.0,293.0,1156.0,0.0
258,one_shot,llama3.1_8b,entitlement,0.04242424242424243,0.3,0.3,0.0743362831858407,70.0,495.0,474.0,49.0,0.0
259,one_shot,llama3.1_8b,insulting,0.25,0.06321839080459771,0.06321839080459771,0.10091743119266056,174.0,44.0,33.0,163.0,0.0
260,one_shot,llama3.2_3b,bitter frustration,0.3162393162393162,0.07520325203252033,0.07520325203252033,0.12151067323481117,492.0,117.0,80.0,455.0,0.0
261,one_shot,llama3.2_3b,impatience,0.14520547945205478,0.19924812030075187,0.19924812030075187,0.16798732171156894,266.0,365.0,312.0,213.0,0.0
262,one_shot,llama3.2_3b,mocking,0.1015625,0.14772727272727273,0.14772727272727273,0.12037037037037036,176.0,256.0,230.0,150.0,0.0
263,one_shot,llama3.2_3b,irony,0.008232872684504558,0.4375,0.4375,0.01616161616161616,64.0,3401.0,3373.0,36.0,0.0
264,one_shot,llama3.2_3b,vulgarity,0.07259528130671507,0.5633802816901409,0.5633802816901409,0.12861736334405144,71.0,551.0,511.0,31.0,0.0
265,one_shot,llama3.2_3b,threat,0.07407407407407407,0.6086956521739131,0.6086956521739131,0.1320754716981132,23.0,189.0,175.0,9.0,0.0
266,one_shot,llama3.2_3b,identify attack/name calling,0.009852216748768473,0.14285714285714285,0.14285714285714285,0.018433179723502304,28.0,406.0,402.0,24.0,0.0
267,one_shot,llama3.2_3b,none,0.9169054441260746,0.07100066563124029,0.07100066563124029,0.13179571663920922,4507.0,349.0,29.0,4187.0,0.0
268,one_shot,llama3.2_3b,entitlement,0.08139534883720931,0.1,0.1,0.08974358974358974,70.0,86.0,79.0,63.0,0.0
269,one_shot,llama3.2_3b,insulting,0.019867549668874173,0.017241379310344827,0.017241379310344827,0.018461538461538463,174.0,151.0,148.0,171.0,0.0
270,one_shot,mistral-nemo_12b,bitter frustration,0.24213836477987422,0.3130081300813008,0.3130081300813008,0.2730496453900709,492.0,636.0,482.0,338.0,0.0
271,one_shot,mistral-nemo_12b,impatience,0.38333333333333336,0.08646616541353383,0.08646616541353383,0.1411042944785276,266.0,60.0,37.0,243.0,0.0
272,one_shot,mistral-nemo_12b,mocking,0.2072072072072072,0.13068181818181818,0.13068181818181818,0.1602787456445993,176.0,111.0,88.0,153.0,0.0
273,one_shot,mistral-nemo_12b,irony,0.06818181818181818,0.046875,0.046875,0.05555555555555555,64.0,44.0,41.0,61.0,0.0
274,one_shot,mistral-nemo_12b,vulgarity,0.3333333333333333,0.3380281690140845,0.3380281690140845,0.3356643356643357,71.0,72.0,48.0,47.0,0.0
275,one_shot,mistral-nemo_12b,threat,0.19718309859154928,0.6086956521739131,0.6086956521739131,0.2978723404255319,23.0,71.0,57.0,9.0,0.0
276,one_shot,mistral-nemo_12b,identify attack/name calling,0.015345268542199489,0.21428571428571427,0.21428571428571427,0.028639618138424822,28.0,391.0,385.0,22.0,0.0
277,one_shot,mistral-nemo_12b,none,0.9061390157280568,0.7925449301087197,0.7925449301087197,0.8455438513433542,4507.0,3942.0,370.0,935.0,0.0
278,one_shot,mistral-nemo_12b,entitlement,0.043478260869565216,0.32857142857142857,0.32857142857142857,0.07679465776293823,70.0,529.0,506.0,47.0,0.0
279,one_shot,mistral-nemo_12b,insulting,0.2,0.017241379310344827,0.017241379310344827,0.031746031746031744,174.0,15.0,12.0,171.0,0.0
280,one_shot,mistral_7b,bitter frustration,0.15463917525773196,0.03048780487804878,0.03048780487804878,0.050933786078098474,492.0,97.0,82.0,477.0,0.0
281,one_shot,mistral_7b,impatience,0.2302158273381295,0.24060150375939848,0.24060150375939848,0.23529411764705882,266.0,278.0,214.0,202.0,0.0
282,one_shot,mistral_7b,mocking,0.15352697095435686,0.21022727272727273,0.21022727272727273,0.1774580335731415,176.0,241.0,204.0,139.0,0.0
283,one_shot,mistral_7b,irony,0.045454545454545456,0.015625,0.015625,0.023255813953488372,64.0,22.0,21.0,63.0,0.0
284,one_shot,mistral_7b,vulgarity,0.19753086419753085,0.22535211267605634,0.22535211267605634,0.21052631578947367,71.0,81.0,65.0,55.0,0.0
285,one_shot,mistral_7b,threat,0.041379310344827586,0.5217391304347826,0.5217391304347826,0.07667731629392971,23.0,290.0,278.0,11.0,0.0
286,one_shot,mistral_7b,identify attack/name calling,0.03257328990228013,0.35714285714285715,0.35714285714285715,0.05970149253731343,28.0,307.0,297.0,18.0,0.0
287,one_shot,mistral_7b,none,0.8621323529411765,0.7284224539605059,0.7284224539605059,0.7896572459410703,4507.0,3808.0,525.0,1224.0,0.0
288,one_shot,mistral_7b,entitlement,0.04824561403508772,0.15714285714285714,0.15714285714285714,0.0738255033557047,70.0,228.0,217.0,59.0,0.0
289,one_shot,mistral_7b,insulting,0.0905587668593449,0.27011494252873564,0.27011494252873564,0.13564213564213565,174.0,519.0,472.0,127.0,0.0
290,one_shot,phi4_14b,bitter frustration,0.2777777777777778,0.2540650406504065,0.2540650406504065,0.2653927813163482,492.0,450.0,325.0,367.0,0.0
291,one_shot,phi4_14b,impatience,0.19451371571072318,0.2932330827067669,0.2932330827067669,0.23388305847076463,266.0,401.0,323.0,188.0,0.0
292,one_shot,phi4_14b,mocking,0.17647058823529413,0.2897727272727273,0.2897727272727273,0.21935483870967742,176.0,289.0,238.0,125.0,0.0
293,one_shot,phi4_14b,irony,0.046511627906976744,0.15625,0.15625,0.07168458781362007,64.0,215.0,205.0,54.0,0.0
294,one_shot,phi4_14b,vulgarity,0.29411764705882354,0.352112676056338,0.352112676056338,0.32051282051282054,71.0,85.0,60.0,46.0,0.0
295,one_shot,phi4_14b,threat,0.1935483870967742,0.782608695652174,0.782608695652174,0.3103448275862069,23.0,93.0,75.0,5.0,0.0
296,one_shot,phi4_14b,identify attack/name calling,0.03968253968253968,0.5357142857142857,0.5357142857142857,0.07389162561576355,28.0,378.0,363.0,13.0,0.0
297,one_shot,phi4_14b,none,0.9222797927461139,0.7503882848901708,0.7503882848901708,0.8275018350868608,4507.0,3667.0,285.0,1125.0,0.0
298,one_shot,phi4_14b,entitlement,0.042735042735042736,0.14285714285714285,0.14285714285714285,0.06578947368421052,70.0,234.0,224.0,60.0,0.0
299,one_shot,phi4_14b,insulting,0.288135593220339,0.09770114942528736,0.09770114942528736,0.1459227467811159,174.0,59.0,42.0,157.0,0.0
300,role_based,deepseek-14b,bitter frustration,0.2361219702892885,0.6138211382113821,0.6138211382113821,0.34105025409373235,492.0,1279.0,977.0,190.0,0.0
301,role_based,deepseek-14b,impatience,0.4146341463414634,0.06390977443609022,0.06390977443609022,0.11074918566775244,266.0,41.0,24.0,249.0,0.0
302,role_based,deepseek-14b,mocking,0.20703125,0.30113636363636365,0.30113636363636365,0.24537037037037038,176.0,256.0,203.0,123.0,0.0
303,role_based,deepseek-14b,irony,0.0,0.0,0.0,0.0,64.0,0.0,0.0,64.0,0.0
304,role_based,deepseek-14b,vulgarity,0.6666666666666666,0.11267605633802817,0.11267605633802817,0.1927710843373494,71.0,12.0,4.0,63.0,0.0
305,role_based,deepseek-14b,threat,0.4,0.08695652173913043,0.08695652173913043,0.14285714285714285,23.0,5.0,3.0,21.0,0.0
306,role_based,deepseek-14b,identify attack/name calling,0.3333333333333333,0.03571428571428571,0.03571428571428571,0.06451612903225806,28.0,3.0,2.0,27.0,0.0
307,role_based,deepseek-14b,none,0.898876404494382,0.8520079875748835,0.8520079875748835,0.8748148991912519,4507.0,4272.0,432.0,667.0,0.0
308,role_based,deepseek-14b,entitlement,0.0,0.0,0.0,0.0,70.0,1.0,1.0,70.0,0.0
309,role_based,deepseek-14b,insulting,1.0,0.011494252873563218,0.011494252873563218,0.022727272727272728,174.0,2.0,0.0,172.0,0.0
310,role_based,deepseek-8b,bitter frustration,0.26208651399491095,0.4186991869918699,0.4186991869918699,0.3223787167449139,492.0,786.0,580.0,286.0,0.0
311,role_based,deepseek-8b,impatience,0.15548780487804878,0.19172932330827067,0.19172932330827067,0.1717171717171717,266.0,328.0,277.0,215.0,0.0
312,role_based,deepseek-8b,mocking,0.13333333333333333,0.3522727272727273,0.3522727272727273,0.1934477379095164,176.0,465.0,403.0,114.0,0.0
313,role_based,deepseek-8b,irony,0.11363636363636363,0.078125,0.078125,0.09259259259259259,64.0,44.0,39.0,59.0,0.0
314,role_based,deepseek-8b,vulgarity,0.55,0.15492957746478872,0.15492957746478872,0.24175824175824176,71.0,20.0,9.0,60.0,0.0
315,role_based,deepseek-8b,threat,0.8,0.17391304347826086,0.17391304347826086,0.2857142857142857,23.0,5.0,1.0,19.0,0.0
316,role_based,deepseek-8b,identify attack/name calling,0.5555555555555556,0.17857142857142858,0.17857142857142858,0.2702702702702703,28.0,9.0,4.0,23.0,0.0
317,role_based,deepseek-8b,none,0.8886509635974305,0.8287108941646328,0.8287108941646328,0.8576349024110218,4507.0,4203.0,468.0,772.0,0.0
318,role_based,deepseek-8b,entitlement,0.25,0.014285714285714285,0.014285714285714285,0.02702702702702703,70.0,4.0,3.0,69.0,0.0
319,role_based,deepseek-8b,insulting,0.2857142857142857,0.011494252873563218,0.011494252873563218,0.022099447513812154,174.0,7.0,5.0,172.0,0.0
320,role_based,gemma2_9b,bitter frustration,0.18474114441416895,0.6890243902439024,0.6890243902439024,0.2913622690159003,492.0,1835.0,1496.0,153.0,0.0
321,role_based,gemma2_9b,impatience,0.08055853920515575,0.2819548872180451,0.2819548872180451,0.12531328320802004,266.0,931.0,856.0,191.0,0.0
322,role_based,gemma2_9b,mocking,0.25,0.38636363636363635,0.38636363636363635,0.30357142857142855,176.0,272.0,204.0,108.0,0.0
323,role_based,gemma2_9b,irony,0.03571428571428571,0.078125,0.078125,0.049019607843137254,64.0,140.0,135.0,59.0,0.0
324,role_based,gemma2_9b,vulgarity,0.5555555555555556,0.07042253521126761,0.07042253521126761,0.125,71.0,9.0,4.0,66.0,0.0
325,role_based,gemma2_9b,threat,0.4782608695652174,0.4782608695652174,0.4782608695652174,0.4782608695652174,23.0,23.0,12.0,12.0,0.0
326,role_based,gemma2_9b,identify attack/name calling,0.26666666666666666,0.14285714285714285,0.14285714285714285,0.18604651162790697,28.0,15.0,11.0,24.0,0.0
327,role_based,gemma2_9b,none,0.9439071566731141,0.5413800754382072,0.5413800754382072,0.6880992667794699,4507.0,2585.0,145.0,2067.0,0.0
328,role_based,gemma2_9b,entitlement,0.23076923076923078,0.04285714285714286,0.04285714285714286,0.07228915662650602,70.0,13.0,10.0,67.0,0.0
329,role_based,gemma2_9b,insulting,0.2916666666666667,0.08045977011494253,0.08045977011494253,0.12612612612612611,174.0,48.0,34.0,160.0,0.0
330,role_based,gemma_7b,bitter frustration,0.1855123674911661,0.4268292682926829,0.4268292682926829,0.25862068965517243,492.0,1132.0,922.0,282.0,0.0
331,role_based,gemma_7b,impatience,0.06982758620689655,0.30451127819548873,0.30451127819548873,0.11360448807854137,266.0,1160.0,1079.0,185.0,0.0
332,role_based,gemma_7b,mocking,0.16535433070866143,0.23863636363636365,0.23863636363636365,0.19534883720930232,176.0,254.0,212.0,134.0,0.0
333,role_based,gemma_7b,irony,0.011841100076394193,0.484375,0.484375,0.023117076808351976,64.0,2618.0,2587.0,33.0,0.0
334,role_based,gemma_7b,vulgarity,0.36619718309859156,0.36619718309859156,0.36619718309859156,0.36619718309859156,71.0,71.0,45.0,45.0,0.0
335,role_based,gemma_7b,threat,0.29545454545454547,0.5652173913043478,0.5652173913043478,0.3880597014925373,23.0,44.0,31.0,10.0,0.0
336,role_based,gemma_7b,identify attack/name calling,0.125,0.07142857142857142,0.07142857142857142,0.09090909090909091,28.0,16.0,14.0,26.0,0.0
337,role_based,gemma_7b,none,0.9442379182156134,0.11271355668959397,0.11271355668959397,0.20138751238850347,4507.0,538.0,30.0,3999.0,0.0
338,role_based,gemma_7b,entitlement,0.23529411764705882,0.05714285714285714,0.05714285714285714,0.09195402298850575,70.0,17.0,13.0,66.0,0.0
339,role_based,gemma_7b,insulting,0.3333333333333333,0.040229885057471264,0.040229885057471264,0.07179487179487179,174.0,21.0,14.0,167.0,0.0
340,role_based,gpt-4o-mini,bitter frustration,0.2045977011494253,0.7235772357723578,0.7235772357723578,0.31899641577060933,492.0,1740.0,1384.0,136.0,0.0
341,role_based,gpt-4o-mini,impatience,0.17834394904458598,0.21052631578947367,0.21052631578947367,0.19310344827586207,266.0,314.0,258.0,210.0,0.0
342,role_based,gpt-4o-mini,mocking,0.26063829787234044,0.2784090909090909,0.2784090909090909,0.2692307692307692,176.0,188.0,139.0,127.0,0.0
343,role_based,gpt-4o-mini,irony,0.08035714285714286,0.140625,0.140625,0.10227272727272728,64.0,112.0,103.0,55.0,0.0
344,role_based,gpt-4o-mini,vulgarity,0.5135135135135135,0.2676056338028169,0.2676056338028169,0.35185185185185186,71.0,37.0,18.0,52.0,0.0
345,role_based,gpt-4o-mini,threat,0.6086956521739131,0.6086956521739131,0.6086956521739131,0.6086956521739131,23.0,23.0,9.0,9.0,0.0
346,role_based,gpt-4o-mini,identify attack/name calling,0.4,0.21428571428571427,0.21428571428571427,0.27906976744186046,28.0,15.0,9.0,22.0,0.0
347,role_based,gpt-4o-mini,none,0.9373501199040767,0.6938096294652762,0.6938096294652762,0.7973989544817034,4507.0,3336.0,209.0,1380.0,0.0
348,role_based,gpt-4o-mini,entitlement,0.2,0.07142857142857142,0.07142857142857142,0.10526315789473684,70.0,25.0,20.0,65.0,0.0
349,role_based,gpt-4o-mini,insulting,0.345679012345679,0.16091954022988506,0.16091954022988506,0.2196078431372549,174.0,81.0,53.0,146.0,0.0
350,role_based,llama3.1_8b,bitter frustration,0.15635939323220538,0.5447154471544715,0.5447154471544715,0.242973708068903,492.0,1714.0,1446.0,224.0,0.0
351,role_based,llama3.1_8b,impatience,0.06725380304243395,0.3157894736842105,0.3157894736842105,0.11089108910891089,266.0,1249.0,1165.0,182.0,0.0
352,role_based,llama3.1_8b,mocking,0.11624834874504623,0.5,0.5,0.18863879957127547,176.0,757.0,669.0,88.0,0.0
353,role_based,llama3.1_8b,irony,0.05363984674329502,0.21875,0.21875,0.08615384615384615,64.0,261.0,247.0,50.0,0.0
354,role_based,llama3.1_8b,vulgarity,0.2857142857142857,0.11267605633802817,0.11267605633802817,0.16161616161616163,71.0,28.0,20.0,63.0,0.0
355,role_based,llama3.1_8b,threat,0.8333333333333334,0.21739130434782608,0.21739130434782608,0.3448275862068966,23.0,6.0,1.0,18.0,0.0
356,role_based,llama3.1_8b,identify attack/name calling,0.6666666666666666,0.14285714285714285,0.14285714285714285,0.23529411764705882,28.0,6.0,2.0,24.0,0.0
357,role_based,llama3.1_8b,none,0.9549402823018458,0.39028178389172397,0.39028178389172397,0.5541030083477713,4507.0,1842.0,83.0,2748.0,0.0
358,role_based,llama3.1_8b,entitlement,0.16666666666666666,0.014285714285714285,0.014285714285714285,0.02631578947368421,70.0,6.0,5.0,69.0,0.0
359,role_based,llama3.1_8b,insulting,0.0,0.0,0.0,0.0,174.0,2.0,2.0,174.0,0.0
360,role_based,llama3.2_3b,bitter frustration,0.13476263399693722,0.35772357723577236,0.35772357723577236,0.19577308120133483,492.0,1306.0,1130.0,316.0,0.0
361,role_based,llama3.2_3b,impatience,0.04460093896713615,0.14285714285714285,0.14285714285714285,0.06797853309481217,266.0,852.0,814.0,228.0,0.0
362,role_based,llama3.2_3b,mocking,0.07267144319344933,0.8068181818181818,0.8068181818181818,0.13333333333333333,176.0,1954.0,1812.0,34.0,0.0
363,role_based,llama3.2_3b,irony,0.0057692307692307696,0.046875,0.046875,0.010273972602739725,64.0,520.0,517.0,61.0,0.0
364,role_based,llama3.2_3b,vulgarity,0.4,0.028169014084507043,0.028169014084507043,0.05263157894736842,71.0,5.0,3.0,69.0,0.0
365,role_based,llama3.2_3b,threat,1.0,0.043478260869565216,0.043478260869565216,0.08333333333333333,23.0,1.0,0.0,22.0,0.0
366,role_based,llama3.2_3b,identify attack/name calling,0.0,0.0,0.0,0.0,28.0,2.0,2.0,28.0,0.0
367,role_based,llama3.2_3b,none,0.9513201320132013,0.2558242733525627,0.2558242733525627,0.4032173456898059,4507.0,1212.0,59.0,3354.0,0.0
368,role_based,llama3.2_3b,entitlement,0.10526315789473684,0.02857142857142857,0.02857142857142857,0.0449438202247191,70.0,19.0,17.0,68.0,0.0
369,role_based,llama3.2_3b,insulting,0.0,0.0,0.0,0.0,174.0,0.0,0.0,174.0,0.0
370,role_based,mistral-nemo_12b,bitter frustration,0.2138157894736842,0.6605691056910569,0.6605691056910569,0.3230616302186879,492.0,1520.0,1195.0,167.0,0.0
371,role_based,mistral-nemo_12b,impatience,0.13541666666666666,0.19548872180451127,0.19548872180451127,0.16,266.0,384.0,332.0,214.0,0.0
372,role_based,mistral-nemo_12b,mocking,0.19932432432432431,0.3352272727272727,0.3352272727272727,0.25,176.0,296.0,237.0,117.0,0.0
373,role_based,mistral-nemo_12b,irony,0.06944444444444445,0.15625,0.15625,0.09615384615384616,64.0,144.0,134.0,54.0,0.0
374,role_based,mistral-nemo_12b,vulgarity,0.5172413793103449,0.2112676056338028,0.2112676056338028,0.3,71.0,29.0,14.0,56.0,0.0
375,role_based,mistral-nemo_12b,threat,0.75,0.13043478260869565,0.13043478260869565,0.2222222222222222,23.0,4.0,1.0,20.0,0.0
376,role_based,mistral-nemo_12b,identify attack/name calling,0.5,0.10714285714285714,0.10714285714285714,0.17647058823529413,28.0,6.0,3.0,25.0,0.0
377,role_based,mistral-nemo_12b,none,0.9341040462427745,0.7171067228755269,0.7171067228755269,0.8113468055729885,4507.0,3460.0,228.0,1275.0,0.0
378,role_based,mistral-nemo_12b,entitlement,0.2631578947368421,0.07142857142857142,0.07142857142857142,0.11235955056179775,70.0,19.0,14.0,65.0,0.0
379,role_based,mistral-nemo_12b,insulting,0.4444444444444444,0.022988505747126436,0.022988505747126436,0.04371584699453552,174.0,9.0,5.0,170.0,0.0
380,role_based,mistral_7b,bitter frustration,0.17411402157164868,0.6890243902439024,0.6890243902439024,0.2779827798277983,492.0,1947.0,1608.0,153.0,0.0
381,role_based,mistral_7b,impatience,0.08125,0.34210526315789475,0.34210526315789475,0.13131313131313133,266.0,1120.0,1029.0,175.0,0.0
382,role_based,mistral_7b,mocking,0.24324324324324326,0.1534090909090909,0.1534090909090909,0.18815331010452963,176.0,111.0,84.0,149.0,0.0
383,role_based,mistral_7b,irony,0.0784313725490196,0.0625,0.0625,0.06956521739130435,64.0,51.0,47.0,60.0,0.0
384,role_based,mistral_7b,vulgarity,0.52,0.18309859154929578,0.18309859154929578,0.2708333333333333,71.0,25.0,12.0,58.0,0.0
385,role_based,mistral_7b,threat,0.5,0.043478260869565216,0.043478260869565216,0.08,23.0,2.0,1.0,22.0,0.0
386,role_based,mistral_7b,identify attack/name calling,0.09090909090909091,0.07142857142857142,0.07142857142857142,0.08,28.0,22.0,20.0,26.0,0.0
387,role_based,mistral_7b,none,0.9144865286997267,0.5196361215886399,0.5196361215886399,0.6627051499717035,4507.0,2561.0,219.0,2165.0,0.0
388,role_based,mistral_7b,entitlement,0.2,0.02857142857142857,0.02857142857142857,0.05,70.0,10.0,8.0,68.0,0.0
389,role_based,mistral_7b,insulting,0.3181818181818182,0.040229885057471264,0.040229885057471264,0.07142857142857142,174.0,22.0,15.0,167.0,0.0
390,role_based,phi4_14b,bitter frustration,0.22894736842105262,0.5304878048780488,0.5304878048780488,0.31985294117647056,492.0,1140.0,879.0,231.0,0.0
391,role_based,phi4_14b,impatience,0.13497652582159625,0.4323308270676692,0.4323308270676692,0.20572450805008943,266.0,852.0,737.0,151.0,0.0
392,role_based,phi4_14b,mocking,0.1824175824175824,0.4715909090909091,0.4715909090909091,0.2630744849445325,176.0,455.0,372.0,93.0,0.0
393,role_based,phi4_14b,irony,0.0684931506849315,0.078125,0.078125,0.072992700729927,64.0,73.0,68.0,59.0,0.0
394,role_based,phi4_14b,vulgarity,0.5925925925925926,0.22535211267605634,0.22535211267605634,0.32653061224489793,71.0,27.0,11.0,55.0,0.0
395,role_based,phi4_14b,threat,0.4,0.2608695652173913,0.2608695652173913,0.3157894736842105,23.0,15.0,9.0,17.0,0.0
396,role_based,phi4_14b,identify attack/name calling,0.38461538461538464,0.17857142857142858,0.17857142857142858,0.24390243902439024,28.0,13.0,8.0,23.0,0.0
397,role_based,phi4_14b,none,0.9405306495882891,0.6842689150210783,0.6842689150210783,0.7921911122527614,4507.0,3279.0,195.0,1423.0,0.0
398,role_based,phi4_14b,entitlement,0.25,0.014285714285714285,0.014285714285714285,0.02702702702702703,70.0,4.0,3.0,69.0,0.0
399,role_based,phi4_14b,insulting,0.5384615384615384,0.040229885057471264,0.040229885057471264,0.0748663101604278,174.0,13.0,6.0,167.0,0.0
400,zero_shot,deepseek-14b,bitter frustration,0.1923318667504714,0.6219512195121951,0.6219512195121951,0.2938070091214594,492.0,1591.0,1285.0,186.0,0.0
401,zero_shot,deepseek-14b,impatience,0.11956521739130435,0.2894736842105263,0.2894736842105263,0.16923076923076924,266.0,644.0,567.0,189.0,0.0
402,zero_shot,deepseek-14b,mocking,0.19047619047619047,0.13636363636363635,0.13636363636363635,0.15894039735099338,176.0,126.0,102.0,152.0,0.0
403,zero_shot,deepseek-14b,irony,0.0,0.0,0.0,0.0,64.0,3.0,3.0,64.0,0.0
404,zero_shot,deepseek-14b,vulgarity,0.47619047619047616,0.14084507042253522,0.14084507042253522,0.21739130434782608,71.0,21.0,11.0,61.0,0.0
405,zero_shot,deepseek-14b,threat,0.5652173913043478,0.5652173913043478,0.5652173913043478,0.5652173913043478,23.0,23.0,10.0,10.0,0.0
406,zero_shot,deepseek-14b,identify attack/name calling,0.3333333333333333,0.03571428571428571,0.03571428571428571,0.06451612903225806,28.0,3.0,2.0,27.0,0.0
407,zero_shot,deepseek-14b,none,0.9001447178002895,0.6900377191036166,0.6900377191036166,0.781210751067571,4507.0,3455.0,345.0,1397.0,0.0
408,zero_shot,deepseek-14b,entitlement,0.0,0.0,0.0,0.0,70.0,5.0,5.0,70.0,0.0
409,zero_shot,deepseek-14b,insulting,0.0,0.0,0.0,0.0,174.0,0.0,0.0,174.0,0.0
410,zero_shot,deepseek-8b,bitter frustration,0.14084507042253522,0.46747967479674796,0.46747967479674796,0.2164705882352941,492.0,1633.0,1403.0,262.0,0.0
411,zero_shot,deepseek-8b,impatience,0.05616302186878728,0.424812030075188,0.424812030075188,0.09920983318700614,266.0,2012.0,1899.0,153.0,0.0
412,zero_shot,deepseek-8b,mocking,0.0,0.0,0.0,0.0,176.0,1.0,1.0,176.0,0.0
413,zero_shot,deepseek-8b,irony,0.0,0.0,0.0,0.0,64.0,4.0,4.0,64.0,0.0
414,zero_shot,deepseek-8b,vulgarity,0.0,0.0,0.0,0.0,71.0,0.0,0.0,71.0,0.0
415,zero_shot,deepseek-8b,threat,1.0,0.043478260869565216,0.043478260869565216,0.08333333333333333,23.0,1.0,0.0,22.0,0.0
416,zero_shot,deepseek-8b,identify attack/name calling,0.0,0.0,0.0,0.0,28.0,0.0,0.0,28.0,0.0
417,zero_shot,deepseek-8b,none,0.8584310189359784,0.42245396050587974,0.42245396050587974,0.5662453531598513,4507.0,2218.0,314.0,2603.0,0.0
418,zero_shot,deepseek-8b,entitlement,0.0,0.0,0.0,0.0,70.0,2.0,2.0,70.0,0.0
419,zero_shot,deepseek-8b,insulting,0.0,0.0,0.0,0.0,174.0,0.0,0.0,174.0,0.0
420,zero_shot,gemma2_9b,bitter frustration,0.18695175438596492,0.693089430894309,0.693089430894309,0.29447322970639034,492.0,1824.0,1483.0,151.0,0.0
421,zero_shot,gemma2_9b,impatience,0.04515135967162647,0.3308270676691729,0.3308270676691729,0.07945823927765237,266.0,1949.0,1861.0,178.0,0.0
422,zero_shot,gemma2_9b,mocking,0.17980295566502463,0.4147727272727273,0.4147727272727273,0.2508591065292096,176.0,406.0,333.0,103.0,0.0
423,zero_shot,gemma2_9b,irony,0.02,0.015625,0.015625,0.017543859649122806,64.0,50.0,49.0,63.0,0.0
424,zero_shot,gemma2_9b,vulgarity,0.4,0.08450704225352113,0.08450704225352113,0.13953488372093023,71.0,15.0,9.0,65.0,0.0
425,zero_shot,gemma2_9b,threat,0.3333333333333333,0.43478260869565216,0.43478260869565216,0.37735849056603776,23.0,30.0,20.0,13.0,0.0
426,zero_shot,gemma2_9b,identify attack/name calling,0.14285714285714285,0.17857142857142858,0.17857142857142858,0.15873015873015872,28.0,35.0,30.0,23.0,0.0
427,zero_shot,gemma2_9b,none,0.949673202614379,0.32238739738185046,0.32238739738185046,0.48136491634918005,4507.0,1530.0,77.0,3054.0,0.0
428,zero_shot,gemma2_9b,entitlement,0.17647058823529413,0.04285714285714286,0.04285714285714286,0.06896551724137931,70.0,17.0,14.0,67.0,0.0
429,zero_shot,gemma2_9b,insulting,0.3333333333333333,0.028735632183908046,0.028735632183908046,0.05291005291005291,174.0,15.0,10.0,169.0,0.0
430,zero_shot,gemma_7b,bitter frustration,0.12904656319290467,0.5914634146341463,0.5914634146341463,0.21186749180924644,492.0,2255.0,1964.0,201.0,0.0
431,zero_shot,gemma_7b,impatience,0.03707414829659319,0.2781954887218045,0.2781954887218045,0.06542882404951371,266.0,1996.0,1922.0,192.0,0.0
432,zero_shot,gemma_7b,mocking,0.10158311345646438,0.4375,0.4375,0.16488222698072805,176.0,758.0,681.0,99.0,0.0
433,zero_shot,gemma_7b,irony,0.009881422924901186,0.078125,0.078125,0.017543859649122806,64.0,506.0,501.0,59.0,0.0
434,zero_shot,gemma_7b,vulgarity,0.35714285714285715,0.28169014084507044,0.28169014084507044,0.31496062992125984,71.0,56.0,36.0,51.0,0.0
435,zero_shot,gemma_7b,threat,0.04132231404958678,0.21739130434782608,0.21739130434782608,0.06944444444444445,23.0,121.0,116.0,18.0,0.0
436,zero_shot,gemma_7b,identify attack/name calling,0.08333333333333333,0.17857142857142858,0.17857142857142858,0.11363636363636363,28.0,60.0,55.0,23.0,0.0
437,zero_shot,gemma_7b,none,0.75,0.002662524961171511,0.002662524961171511,0.005306212690692019,4507.0,16.0,4.0,4495.0,0.0
438,zero_shot,gemma_7b,entitlement,0.030927835051546393,0.04285714285714286,0.04285714285714286,0.03592814371257485,70.0,97.0,94.0,67.0,0.0
439,zero_shot,gemma_7b,insulting,0.3333333333333333,0.011494252873563218,0.011494252873563218,0.022222222222222223,174.0,6.0,4.0,172.0,0.0
440,zero_shot,gpt-4o-mini,bitter frustration,0.18633139909735655,0.5873983739837398,0.5873983739837398,0.28291727851199217,492.0,1551.0,1262.0,203.0,0.0
441,zero_shot,gpt-4o-mini,impatience,0.10125448028673835,0.424812030075188,0.424812030075188,0.16353111432706222,266.0,1116.0,1003.0,153.0,0.0
442,zero_shot,gpt-4o-mini,mocking,0.23880597014925373,0.2727272727272727,0.2727272727272727,0.2546419098143236,176.0,201.0,153.0,128.0,0.0
443,zero_shot,gpt-4o-mini,irony,0.050724637681159424,0.109375,0.109375,0.06930693069306931,64.0,138.0,131.0,57.0,0.0
444,zero_shot,gpt-4o-mini,vulgarity,0.5151515151515151,0.23943661971830985,0.23943661971830985,0.3269230769230769,71.0,33.0,16.0,54.0,0.0
445,zero_shot,gpt-4o-mini,threat,0.5,0.43478260869565216,0.43478260869565216,0.46511627906976744,23.0,20.0,10.0,13.0,0.0
446,zero_shot,gpt-4o-mini,identify attack/name calling,0.13793103448275862,0.14285714285714285,0.14285714285714285,0.14035087719298245,28.0,29.0,25.0,24.0,0.0
447,zero_shot,gpt-4o-mini,none,0.9463615903975994,0.5597958730863102,0.5597958730863102,0.7034713508992053,4507.0,2666.0,143.0,1984.0,0.0
448,zero_shot,gpt-4o-mini,entitlement,0.1,0.04285714285714286,0.04285714285714286,0.06,70.0,30.0,27.0,67.0,0.0
449,zero_shot,gpt-4o-mini,insulting,0.3793103448275862,0.1896551724137931,0.1896551724137931,0.25287356321839083,174.0,87.0,54.0,141.0,0.0
450,zero_shot,llama3.1_8b,bitter frustration,0.16291251964379255,0.6321138211382114,0.6321138211382114,0.2590587255310287,492.0,1909.0,1598.0,181.0,0.0
451,zero_shot,llama3.1_8b,impatience,0.06100422336931018,0.48872180451127817,0.48872180451127817,0.1084689194826867,266.0,2131.0,2001.0,136.0,0.0
452,zero_shot,llama3.1_8b,mocking,0.17032967032967034,0.3522727272727273,0.3522727272727273,0.22962962962962963,176.0,364.0,302.0,114.0,0.0
453,zero_shot,llama3.1_8b,irony,0.07142857142857142,0.015625,0.015625,0.02564102564102564,64.0,14.0,13.0,63.0,0.0
454,zero_shot,llama3.1_8b,vulgarity,0.5384615384615384,0.09859154929577464,0.09859154929577464,0.16666666666666666,71.0,13.0,6.0,64.0,0.0
455,zero_shot,llama3.1_8b,threat,0.2857142857142857,0.2608695652173913,0.2608695652173913,0.2727272727272727,23.0,21.0,15.0,17.0,0.0
456,zero_shot,llama3.1_8b,identify attack/name calling,0.18181818181818182,0.07142857142857142,0.07142857142857142,0.10256410256410256,28.0,11.0,9.0,26.0,0.0
457,zero_shot,llama3.1_8b,none,0.94921875,0.2695806523186155,0.2695806523186155,0.4199066874027994,4507.0,1280.0,65.0,3292.0,0.0
458,zero_shot,llama3.1_8b,entitlement,0.0390625,0.07142857142857142,0.07142857142857142,0.050505050505050504,70.0,128.0,123.0,65.0,0.0
459,zero_shot,llama3.1_8b,insulting,0.0,0.0,0.0,0.0,174.0,0.0,0.0,174.0,0.0
460,zero_shot,llama3.2_3b,bitter frustration,0.1896551724137931,0.4024390243902439,0.4024390243902439,0.2578125,492.0,1044.0,846.0,294.0,0.0
461,zero_shot,llama3.2_3b,impatience,0.044087350638648534,0.40225563909774437,0.40225563909774437,0.07946528035647976,266.0,2427.0,2320.0,159.0,0.0
462,zero_shot,llama3.2_3b,mocking,0.07625,0.6931818181818182,0.6931818181818182,0.1373873873873874,176.0,1600.0,1478.0,54.0,0.0
463,zero_shot,llama3.2_3b,irony,0.009779951100244499,0.0625,0.0625,0.016913319238900635,64.0,409.0,405.0,60.0,0.0
464,zero_shot,llama3.2_3b,vulgarity,0.2222222222222222,0.028169014084507043,0.028169014084507043,0.05,71.0,9.0,7.0,69.0,0.0
465,zero_shot,llama3.2_3b,threat,0.25,0.08695652173913043,0.08695652173913043,0.12903225806451613,23.0,8.0,6.0,21.0,0.0
466,zero_shot,llama3.2_3b,identify attack/name calling,0.1111111111111111,0.07142857142857142,0.07142857142857142,0.08695652173913043,28.0,18.0,16.0,26.0,0.0
467,zero_shot,llama3.2_3b,none,0.962536023054755,0.07410694475260705,0.07410694475260705,0.13761845900288422,4507.0,347.0,13.0,4173.0,0.0
468,zero_shot,llama3.2_3b,entitlement,0.2222222222222222,0.02857142857142857,0.02857142857142857,0.05063291139240506,70.0,9.0,7.0,68.0,0.0
469,zero_shot,llama3.2_3b,insulting,0.0,0.0,0.0,0.0,174.0,0.0,0.0,174.0,0.0
470,zero_shot,mistral-nemo_12b,bitter frustration,0.1365414710485133,0.709349593495935,0.709349593495935,0.229002624671916,492.0,2556.0,2207.0,143.0,0.0
471,zero_shot,mistral-nemo_12b,impatience,0.05511182108626198,0.2593984962406015,0.2593984962406015,0.09090909090909091,266.0,1252.0,1183.0,197.0,0.0
472,zero_shot,mistral-nemo_12b,mocking,0.22054380664652568,0.4147727272727273,0.4147727272727273,0.2879684418145957,176.0,331.0,258.0,103.0,0.0
473,zero_shot,mistral-nemo_12b,irony,0.037037037037037035,0.046875,0.046875,0.041379310344827586,64.0,81.0,78.0,61.0,0.0
474,zero_shot,mistral-nemo_12b,vulgarity,0.5555555555555556,0.2112676056338028,0.2112676056338028,0.30612244897959184,71.0,27.0,12.0,56.0,0.0
475,zero_shot,mistral-nemo_12b,threat,0.5,0.21739130434782608,0.21739130434782608,0.30303030303030304,23.0,10.0,5.0,18.0,0.0
476,zero_shot,mistral-nemo_12b,identify attack/name calling,0.25,0.03571428571428571,0.03571428571428571,0.0625,28.0,4.0,3.0,27.0,0.0
477,zero_shot,mistral-nemo_12b,none,0.9441233140655106,0.3261593077435101,0.3261593077435101,0.48482849604221634,4507.0,1557.0,87.0,3037.0,0.0
478,zero_shot,mistral-nemo_12b,entitlement,0.0784313725490196,0.05714285714285714,0.05714285714285714,0.06611570247933884,70.0,51.0,47.0,66.0,0.0
479,zero_shot,mistral-nemo_12b,insulting,0.5,0.005747126436781609,0.005747126436781609,0.011363636363636364,174.0,2.0,1.0,173.0,0.0
480,zero_shot,mistral_7b,bitter frustration,0.09948320413436693,0.9390243902439024,0.9390243902439024,0.17990654205607476,492.0,4644.0,4182.0,30.0,0.0
481,zero_shot,mistral_7b,impatience,0.027677496991576414,0.08646616541353383,0.08646616541353383,0.041932543299908843,266.0,831.0,808.0,243.0,0.0
482,zero_shot,mistral_7b,mocking,0.25925925925925924,0.07954545454545454,0.07954545454545454,0.12173913043478261,176.0,54.0,40.0,162.0,0.0
483,zero_shot,mistral_7b,irony,0.024,0.046875,0.046875,0.031746031746031744,64.0,125.0,122.0,61.0,0.0
484,zero_shot,mistral_7b,vulgarity,0.6666666666666666,0.028169014084507043,0.028169014084507043,0.05405405405405406,71.0,3.0,1.0,69.0,0.0
485,zero_shot,mistral_7b,threat,0.0,0.0,0.0,0.0,23.0,1.0,1.0,23.0,0.0
486,zero_shot,mistral_7b,identify attack/name calling,0.13636363636363635,0.10714285714285714,0.10714285714285714,0.12,28.0,22.0,19.0,25.0,0.0
487,zero_shot,mistral_7b,none,0.9190751445086706,0.03527845573552252,0.03527845573552252,0.06794871794871794,4507.0,173.0,14.0,4348.0,0.0
488,zero_shot,mistral_7b,entitlement,0.1111111111111111,0.02857142857142857,0.02857142857142857,0.045454545454545456,70.0,18.0,16.0,68.0,0.0
489,zero_shot,mistral_7b,insulting,0.0,0.0,0.0,0.0,174.0,0.0,0.0,174.0,0.0
490,zero_shot,phi4_14b,bitter frustration,0.2359437751004016,0.47764227642276424,0.47764227642276424,0.31586021505376344,492.0,996.0,761.0,257.0,0.0
491,zero_shot,phi4_14b,impatience,0.11633372502937721,0.37218045112781956,0.37218045112781956,0.17726051924798567,266.0,851.0,752.0,167.0,0.0
492,zero_shot,phi4_14b,mocking,0.1509433962264151,0.5,0.5,0.2318840579710145,176.0,583.0,495.0,88.0,0.0
493,zero_shot,phi4_14b,irony,0.05714285714285714,0.0625,0.0625,0.05970149253731343,64.0,70.0,66.0,60.0,0.0
494,zero_shot,phi4_14b,vulgarity,0.6,0.2112676056338028,0.2112676056338028,0.3125,71.0,25.0,10.0,56.0,0.0
495,zero_shot,phi4_14b,threat,0.6923076923076923,0.391304347826087,0.391304347826087,0.5,23.0,13.0,4.0,14.0,0.0
496,zero_shot,phi4_14b,identify attack/name calling,0.10344827586206896,0.10714285714285714,0.10714285714285714,0.10526315789473684,28.0,29.0,26.0,25.0,0.0
497,zero_shot,phi4_14b,none,0.9321982365460626,0.6802751275793211,0.6802751275793211,0.7865572088250384,4507.0,3289.0,223.0,1441.0,0.0
498,zero_shot,phi4_14b,entitlement,0.06666666666666667,0.014285714285714285,0.014285714285714285,0.023529411764705882,70.0,15.0,14.0,69.0,0.0
499,zero_shot,phi4_14b,insulting,0.0,0.0,0.0,0.0,174.0,0.0,0.0,174.0,0.0
